{"cameraMode":{"drawMode":0,"name":"Shaded","section":"Shading Mode"},"sceneLighting":true,"audioPlay":false,"sceneViewState":{"showFog":true,"showMaterialUpdate":false,"showSkybox":false,"showFlares":true,"showImageEffects":true,"showParticleSystems":true},"in2DMode":false,"pivot":{"x":-1.2933011054992676,"y":0.1703352928161621,"z":9.115605354309082},"rotation":{"x":-0.12033883482217789,"y":0.00027219721232540905,"z":-0.00010850192484213039,"w":-0.992775559425354},"size":17.373018264770509,"orthographic":false}